"Id","ParentId","Type","CreatedById","CreatedDate","IsDeleted","LastModifiedDate","SystemModstamp","CommentCount","LikeCount","ClientOauthLink"
"0D5f400001DwuDHCAZ","00Qf400000DTfeREAT","TrackedChange","005f4000002QF5NAAW","2019-01-31 15:38:28","0","2019-02-04 17:36:17","2019-02-04 17:36:18","2","0",""
"0D5f400001DxFQBCA3","00Qf400000DTjdgEAD","TrackedChange","005f4000002QF5NAAW","2019-01-31 17:31:00","0","2019-02-04 03:55:42","2019-02-04 03:55:42","2","0",""
"0D5f400001DzSaJCAV","00Qf400000DTtCMEA1","TrackedChange","005f4000002QF5NAAW","2019-02-01 05:00:44","0","2019-02-02 00:43:28","2019-02-02 00:43:34","1","0",""
"0D5f400001EIdZgCAL","00Qf400000DU56tEAD","TrackedChange","005f4000002QF5NAAW","2019-02-01 17:14:42","0","2019-02-05 13:07:30","2019-02-05 13:07:30","4","0",""
"0D5f400001EJezlCAD","00Qf400000DUFcSEAX","TrackedChange","005f4000002QF5NAAW","2019-02-01 22:59:34","0","2019-02-04 17:40:45","2019-02-04 17:40:53","1","0",""
"0D5f400001EXdH6CAL","00Qf400000DUKiLEAX","TrackedChange","005f4000002QF5NAAW","2019-02-02 09:25:12","0","2019-02-04 04:17:52","2019-02-04 04:17:52","1","0",""
"0D5f400001EY2zECAT","00Qf400000DUQ8YEAX","TrackedChange","005f4000002QF5NAAW","2019-02-02 15:29:57","0","2019-02-04 17:49:24","2019-02-04 17:49:24","1","0",""
"0D5f400001EYLHgCAP","00Qf400000DUVA0EAP","TrackedChange","005f4000002QF5NAAW","2019-02-02 21:03:05","0","2019-02-07 19:22:10","2019-02-07 19:22:11","2","0",""
"0D5f400001EYONQCA5","00Qf400000DUWMlEAP","TrackedChange","005f4000002QF5NAAW","2019-02-02 22:30:45","0","2019-02-04 04:12:19","2019-02-04 04:12:25","1","0",""
"0D5f400001EZHq7CAH","00Qf400000DUFbeEAH","TextPost","005f400000424IOAAY","2019-02-04 03:59:48","0","2019-02-04 03:59:48","2019-02-04 03:59:48","0","0",""
"0D5f400001EalGvCAJ","00Qf400000DuKRiEAN","TrackedChange","005f4000002QF5NAAW","2019-02-04 19:57:57","0","2019-02-04 22:42:46","2019-02-04 22:42:46","1","0",""
"0D5f400001EzhMwCAJ","00Qf400000DurS5EAJ","TrackedChange","005f4000002QF5NAAW","2019-02-05 19:33:40","0","2019-02-09 14:42:14","2019-02-09 14:42:42","1","0",""
"0D5f400001FRXImCAP","00Tf4000012rhLiEAI","CreateRecordEvent","005f400000424IOAAY","2019-02-07 19:24:55","0","2019-02-07 19:24:55","2019-02-07 19:24:55","0","0",""
"0D5f400001Fz26CCAR","00Qf400000Dw0XfEAJ","TrackedChange","005f4000002QF5NAAW","2019-02-09 00:19:02","0","2019-02-09 01:43:42","2019-02-09 01:43:42","2","0",""
"0D5f400001G0rSwCAJ","00Qf400000DwCIvEAN","TrackedChange","005f4000002QF5NAAW","2019-02-09 22:24:06","0","2019-02-13 17:26:52","2019-02-13 17:26:52","1","0",""
"0D5f400001KMmdQCAT","00Tf40000158cuCEAQ","CallLogPost","005f40000042AhBAAU","2019-02-26 17:25:06","0","2019-02-26 17:25:06","2019-02-26 17:25:06","0","0",""
"0D5f400001KQbM1CAL","00Tf40000159ROqEAM","CallLogPost","005f40000042AhBAAU","2019-02-27 15:44:49","0","2019-02-27 15:44:49","2019-02-27 15:44:49","0","0",""
"0D5f400001UFOctCAH","00Tf400001Av2p1EAB","CallLogPost","005f4000004IWOAAA4","2019-04-08 23:47:56","0","2019-04-08 23:47:56","2019-04-08 23:47:56","0","0",""
"0D5f400001UW54fCAD","00Qf400000FGKaLEAX","TextPost","005f4000004IWOAAA4","2019-04-10 01:35:50","0","2019-04-10 01:35:50","2019-04-10 01:35:50","0","0","30000001bXRP300000008OXo"
"0D5f400001Upz28CAB","0F9f4000000ohIpCAI","TextPost","005f4000004IWOAAA4","2019-04-15 17:32:46","0","2019-04-15 17:32:46","2019-04-15 17:32:46","0","0",""
"0D5f400001Uy5nJCAR","00Qf400000EPLDEEA5","TextPost","005f4000004IWOAAA4","2019-04-12 00:37:31","0","2019-04-12 00:37:31","2019-04-12 00:37:31","0","0",""
"0D5f400001Uy5uZCAR","00Tf400001Be3CjEAJ","CreateRecordEvent","005f4000004IWOAAA4","2019-04-12 00:44:27","0","2019-04-12 00:44:27","2019-04-12 00:44:27","0","0",""
"0D5f400001Uy6LCCAZ","00Tf400001Be3RyEAJ","CreateRecordEvent","005f4000004IWOAAA4","2019-04-12 01:04:38","0","2019-04-12 01:04:38","2019-04-12 01:04:38","0","0",""
"0D5f400001W0MqmCAF","00Tf400001CFEx8EAH","CreateRecordEvent","005f4000004IWOAAA4","2019-04-15 23:41:14","0","2019-04-15 23:41:14","2019-04-15 23:41:14","0","0",""
"0D5f400001W0MxsCAF","00Tf400001CFEyLEAX","CreateRecordEvent","005f4000004IWOAAA4","2019-04-15 23:42:11","0","2019-04-15 23:42:11","2019-04-15 23:42:11","0","0",""
"0D5f400001W2bQQCAZ","00Tf400001CFeQ3EAL","CallLogPost","005f4000004IWOAAA4","2019-04-16 16:54:52","0","2019-04-16 16:54:52","2019-04-16 16:54:52","0","0",""
"0D5f400001W2gYOCAZ","0F9f4000000ohIpCAI","TextPost","005f4000004IWOAAA4","2019-04-16 17:16:37","0","2019-04-20 03:02:20","2019-04-20 03:02:20","2","1",""
"0D5f400001XXvEJCA1","001f400000wqOcVAAU","TextPost","005f4000003qsOhAAI","2019-04-28 00:30:06","0","2019-04-28 00:30:06","2019-04-28 00:30:06","0","0",""
"0D5f400001XXvFPCA1","001f400000wqOcSAAU","TextPost","005f4000003qsOhAAI","2019-04-28 00:23:19","0","2019-04-28 00:23:19","2019-04-30 08:18:31","0","0",""
"0D5f400001YquWyCAJ","001f400000wqOcSAAU","TextPost","005f4000003qsOhAAI","2019-04-30 08:35:32","0","2019-04-30 08:35:32","2019-04-30 08:35:32","0","0",""
"0D5f400001ZjEnFCAV","00Tf400001EfGmqEAF","CreateRecordEvent","005f4000003qsOhAAI","2019-05-05 21:54:06","0","2019-05-05 21:54:06","2019-05-05 21:54:06","0","0",""
"0D5f400001ZlzAaCAJ","00Tf400001EggOPEAZ","CreateRecordEvent","005f400000424IOAAY","2019-05-08 23:22:51","0","2019-05-08 23:22:51","2019-05-08 23:22:51","0","0",""
"0D5f400001bQw3WCAS","00Tf400001Ej2NVEAZ","CreateRecordEvent","005f4000003qsOhAAI","2019-05-10 20:46:49","0","2019-05-10 20:46:49","2019-05-10 20:46:49","0","0",""
"0D5f400001czLtvCAE","00Tf400001FxeBOEAZ","CreateRecordEvent","005f40000042AhBAAU","2019-05-15 18:38:01","0","2019-05-15 18:38:01","2019-05-15 18:38:01","0","0",""
"0D5f400001d0QXOCA2","00Tf400001FyKgZEAV","CreateRecordEvent","005f4000003qsOhAAI","2019-05-16 18:31:30","0","2019-05-16 18:31:30","2019-05-16 18:31:31","0","0",""
"0D5f400001d1WrfCAE","001f400000yWhs3AAC","TextPost","005f4000003qsOhAAI","2019-05-17 22:03:24","0","2019-05-17 22:03:24","2019-05-17 22:03:24","0","0",""
"0D5f400001d2Dx3CAE","00Tf400001Fyti3EAB","CreateRecordEvent","005f4000003qsOhAAI","2019-05-19 18:29:27","0","2019-05-19 18:39:30","2019-05-19 18:39:30","1","0",""
"0D5f400001dr5hbCAA","00Tf400001FzZQuEAN","CreateRecordEvent","005f4000003qsOhAAI","2019-05-20 16:07:30","0","2019-05-20 16:07:30","2019-05-20 16:07:30","0","0",""
"0D5f400001dr752CAA","00Tf400001FzZoPEAV","CreateRecordEvent","005f4000003qsOhAAI","2019-05-20 16:17:08","0","2019-05-20 16:17:08","2019-05-20 16:17:08","0","0",""
"0D5f400001ds2reCAA","00Tf400001Fzqz2EAB","CallLogPost","005f4000003qsOhAAI","2019-05-21 12:11:47","0","2019-05-21 12:11:47","2019-05-21 12:11:47","0","0","30000001bXRP300000008OXo"
"0D5f400001ds31eCAA","00Tf400001Fzr0yEAB","CallLogPost","005f4000003qsOhAAI","2019-05-21 12:14:21","0","2019-05-21 12:14:21","2019-05-21 12:14:21","0","0","30000001bXRP300000008OXo"
"0D5f400001f4SEWCA2","00Tf400001Hm7xXEAR","CreateRecordEvent","005f40000042AhBAAU","2019-05-23 15:53:17","0","2019-05-23 15:53:17","2019-05-23 15:53:17","0","0",""
"0D5f400001f4SZsCAM","00Tf400001Hm808EAB","CreateRecordEvent","005f40000042AhBAAU","2019-05-23 15:55:57","0","2019-05-23 15:55:57","2019-05-23 15:55:57","0","0",""
"0D5f400001f4SnfCAE","00Tf400001Hm8EsEAJ","CreateRecordEvent","005f40000042AhBAAU","2019-05-23 15:59:23","0","2019-05-23 15:59:23","2019-05-23 15:59:23","0","0",""
"0D5f400001f5JnbCAE","001f400000zS8zVAAS","TextPost","005f400000424IOAAY","2019-05-24 02:17:51","0","2019-05-24 02:17:51","2019-05-24 02:17:51","0","0",""
"0D5f400001f7Fx1CAE","00Tf400001HmzJdEAJ","CallLogPost","005f4000003qkvcAAA","2019-05-26 19:56:28","0","2019-05-26 19:56:28","2019-05-26 19:56:28","0","0",""
"0D5f400001f7G0QCAU","00Tf400001HmzLtEAJ","CallLogPost","005f4000003qkvcAAA","2019-05-26 20:04:02","0","2019-05-26 20:04:02","2019-05-26 20:04:02","0","0",""
"0D5f400001f7pLCCAY","00Tf400001HnA5tEAF","CreateRecordEvent","005f4000003qsOhAAI","2019-05-27 21:15:49","0","2019-05-27 21:15:49","2019-05-27 21:15:49","0","0",""
"0D5f400001f7pOuCAI","00Tf400001HnAATEA3","CreateRecordEvent","005f4000003qsOhAAI","2019-05-27 21:19:41","0","2019-05-27 21:19:41","2019-05-27 21:19:41","0","0",""
"0D5f400001fx1DSCAY","00Tf400001HnROCEA3","CallLogPost","005f4000003qkvcAAA","2019-05-28 17:10:20","0","2019-05-28 17:10:20","2019-05-28 17:10:20","0","0",""
"0D5f400001fx1IUCAY","00Tf400001HnRQWEA3","CallLogPost","005f4000003qkvcAAA","2019-05-28 17:08:43","0","2019-05-28 17:08:43","2019-05-28 17:08:43","0","0",""
"0D5f400001gMLy8CAG","00Tf400001HpWMlEAN","CallLogPost","005f4000003qkvcAAA","2019-05-31 18:35:35","0","2019-05-31 18:35:35","2019-05-31 18:35:35","0","0",""
"0D5f400001gNRdmCAG","00Tf400001HpkP2EAJ","CallLogPost","005f4000003qsOhAAI","2019-06-02 14:26:09","0","2019-06-02 14:26:09","2019-06-02 14:26:09","0","0",""
"0D5f400001gNRsfCAG","00Tf400001HpkQ5EAJ","CreateRecordEvent","005f4000003qsOhAAI","2019-06-02 14:29:40","0","2019-06-02 14:29:40","2019-06-02 14:29:40","0","0",""
"0D5f400001gP63YCAS","00Tf400001InYQbEAN","CallLogPost","005f4000003qkvcAAA","2019-06-04 06:18:57","0","2019-06-04 06:18:57","2019-06-04 06:18:57","0","0",""
"0D5f400001hGbbACAS","00Tf400001IoskzEAB","CreateRecordEvent","005f40000042AhBAAU","2019-06-06 15:53:28","0","2019-06-06 15:53:28","2019-06-06 15:53:28","0","0",""
"0D5f400001hGbexCAC","00Tf400001IosmvEAB","CreateRecordEvent","005f40000042AhBAAU","2019-06-06 15:54:07","0","2019-06-06 15:54:07","2019-06-06 15:54:07","0","0",""
"0D5f400001hZwvLCAS","00Tf400001IpfDhEAJ","CallLogPost","005f4000003qkvcAAA","2019-06-08 06:07:15","0","2019-06-08 06:07:15","2019-06-08 06:07:15","0","0",""
"0D5f400001hZwxmCAC","00Tf400001IpfEGEAZ","CallLogPost","005f4000003qkvcAAA","2019-06-08 06:13:03","0","2019-06-08 06:13:03","2019-06-08 06:13:03","0","0",""
"0D5f400001hZxEgCAK","00Tf400001IpfDrEAJ","CallLogPost","005f4000003qkvcAAA","2019-06-08 06:09:20","0","2019-06-08 06:09:20","2019-06-08 06:09:20","0","0",""
"0D5f400001hZxFVCA0","00Tf400001IpfDwEAJ","CallLogPost","005f4000003qkvcAAA","2019-06-08 06:10:54","0","2019-06-08 06:10:54","2019-06-08 06:10:54","0","0",""
"0D5f400001hZxFXCA0","00Tf400001IpfDxEAJ","CallLogPost","005f4000003qkvcAAA","2019-06-08 06:12:10","0","2019-06-08 06:12:10","2019-06-08 06:12:10","0","0",""
"0D5f400001haP1zCAE","00Tf400001Ipk11EAB","CallLogPost","005f4000003qkvcAAA","2019-06-08 21:36:33","0","2019-06-08 21:36:33","2019-06-08 21:36:33","0","0",""
"0D5f400001ibrUNCAY","00Tf400001K20pvEAB","CallLogPost","005f4000003qkvcAAA","2019-06-17 00:54:21","0","2019-06-17 00:54:21","2019-06-17 00:54:21","0","0",""
"0D5f400001ibs5DCAQ","00Tf400001K20q5EAB","CallLogPost","005f4000003qkvcAAA","2019-06-17 00:55:19","0","2019-06-17 00:55:19","2019-06-17 00:55:19","0","0",""
"0D5f400001j8gyUCAQ","00Tf400001K3JX7EAN","CallLogPost","005f4000003qkvcAAA","2019-06-19 04:29:32","0","2019-06-19 04:29:32","2019-06-19 04:29:32","0","0",""
"0D5f400001jq2AICAY","00Tf400001LQohdEAD","CallLogPost","005f4000003qkvcAAA","2019-06-22 20:45:00","0","2019-06-22 20:45:00","2019-06-22 20:45:00","0","0",""
"0D5f400001lD4RHCA0","001f400000wqO7OAAU","TextPost","005f4000003qsOhAAI","2019-06-30 20:10:23","0","2019-06-30 20:10:23","2019-06-30 20:10:23","0","0","30000001bXRP300000008OXo"
"0D5f400001lDDWmCAO","00Tf400001MnDmFEAV","CallLogPost","005f4000003qkvcAAA","2019-07-01 04:26:00","0","2019-07-01 04:26:00","2019-07-01 04:26:00","0","0",""
"0D5f400001lbVqhCAE","00Tf400001Mo7vyEAB","CallLogPost","005f4000003qkvcAAA","2019-07-02 16:16:50","0","2019-07-02 16:16:50","2019-07-02 16:16:50","0","0",""
"0D5f400001ly9zKCAQ","00Tf400001MpcG4EAJ","CallLogPost","005f4000003qkvcAAA","2019-07-05 20:10:02","0","2019-07-05 20:10:02","2019-07-05 20:10:02","0","0",""
"0D5f400001nKAvzCAG","00Tf400001OaWXUEA3","CallLogPost","005f4000003qkvcAAA","2019-07-14 22:24:24","0","2019-07-14 22:24:24","2019-07-14 22:24:24","0","0",""
"0D5f400001nkVGwCAM","00Tf400001Ob15zEAB","CallLogPost","005f4000003qkvcAAA","2019-07-15 18:08:50","0","2019-07-15 18:08:50","2019-07-15 18:08:51","0","0",""
"0D5f400001nkVXMCA2","00Tf400001Ob1AkEAJ","CallLogPost","005f4000003qkvcAAA","2019-07-15 18:10:11","0","2019-07-15 18:10:11","2019-07-15 18:10:11","0","0",""
"0D5f400001tP8soCAC","00Tf400001SnS7XEAV","CallLogPost","005f4000003qkvcAAA","2019-08-15 15:33:18","0","2019-08-15 15:33:18","2019-08-15 15:33:18","0","0",""
"0D5f4000027wYgXCAU","00Tf400001cYVtPEAW","CallLogPost","005f4000003qkvcAAA","2019-11-18 03:15:49","0","2019-11-18 03:15:49","2019-11-18 03:15:49","0","0",""
"0D5f400002sGn8dCAC","00Qf400000QZDHtEAP","TrackedChange","005f4000004IWOAAA4","2020-09-03 16:37:54","0","2020-09-03 16:37:54","2020-09-03 16:37:54","0","0",""
"0D5f400002sIDl6CAG","00Qf400000QZOlgEAH","TrackedChange","005f4000004IWOAAA4","2020-09-06 03:15:51","0","2020-09-06 03:15:51","2020-09-06 03:15:52","0","0",""
"0D5f400002sIGs9CAG","00Qf400000PTA1XEAX","TrackedChange","005f4000003qkvcAAA","2020-09-06 12:29:22","0","2020-09-06 12:29:22","2020-09-06 12:29:22","0","0",""
"0D5f400002sIGsECAW","001f400001SHuRkAAL","TrackedChange","005f4000003qkvcAAA","2020-09-06 12:29:40","0","2020-09-06 12:29:40","2020-09-06 12:29:43","0","0",""
"0D5f400002sIGsFCAW","001f400001SHuRkAAL","TrackedChange","005f4000003qkvcAAA","2020-09-06 12:29:40","0","2020-09-06 12:29:40","2020-09-06 12:29:43","0","0",""
"0D5f400002sIGsGCAW","003f400001XVhtYAAT","TrackedChange","005f4000003qkvcAAA","2020-09-06 12:29:41","0","2020-09-06 12:29:41","2020-09-06 12:29:43","0","0",""
"0D5f400002sISxhCAG","00Qf400000QZPUdEAP","TrackedChange","005f4000004IWOAAA4","2020-09-06 19:18:46","0","2020-09-06 19:18:46","2020-09-06 19:18:46","0","0",""
"0D5f400002sIpTUCA0","00Qf400000QZQvhEAH","TrackedChange","005f4000004IWOAAA4","2020-09-07 16:55:17","0","2020-09-07 16:55:17","2020-09-07 16:55:17","0","0",""
"0D5f400002sJHlbCAG","00Qf400000QZTFoEAP","TrackedChange","005f4000004IWOAAA4","2020-09-08 16:22:50","0","2020-09-08 16:22:50","2020-09-08 16:22:50","0","0",""
"0D5f400002sJX3aCAG","001f400001SVT7rAAH","TrackedChange","005f4000003qkvcAAA","2020-09-08 20:05:21","0","2020-09-08 20:05:21","2020-09-08 20:05:24","0","0",""
"0D5f400002sJX3bCAG","001f400001SVT7rAAH","TrackedChange","005f4000003qkvcAAA","2020-09-08 20:05:21","0","2020-09-08 20:05:21","2020-09-08 20:05:24","0","0",""
"0D5f400002sJXRwCAO","00Qf400000Px6stEAB","TrackedChange","005f4000003qkvcAAA","2020-09-08 20:04:55","0","2020-09-08 20:04:55","2020-09-08 20:04:55","0","0",""
"0D5f400002sJXTACA4","00Qf400000PT1n6EAD","TrackedChange","005f4000003qkvcAAA","2020-09-08 20:06:33","0","2020-09-08 20:06:33","2020-09-08 20:06:33","0","0",""
"0D5f400002sJXURCA4","003f400001XjHTeAAN","TrackedChange","005f4000003qkvcAAA","2020-09-08 20:05:21","0","2020-09-08 20:05:21","2020-09-08 20:05:24","0","0",""
"0D5f400002sJXaUCAW","001f400001SVT8fAAH","TrackedChange","005f4000003qkvcAAA","2020-09-08 20:07:02","0","2020-09-08 20:07:02","2020-09-08 20:07:05","0","0",""
"0D5f400002sJXaVCAW","001f400001SVT8fAAH","TrackedChange","005f4000003qkvcAAA","2020-09-08 20:07:02","0","2020-09-08 20:07:02","2020-09-08 20:07:05","0","0",""
"0D5f400002sJXaWCAW","003f400001XjHUXAA3","TrackedChange","005f4000003qkvcAAA","2020-09-08 20:07:03","0","2020-09-08 20:07:03","2020-09-08 20:07:05","0","0",""
"0D5f400002tPtfcCAC","00Qf400000QZ49zEAD","TrackedChange","005f4000003qkvcAAA","2020-09-10 08:59:45","0","2020-09-10 08:59:45","2020-09-10 08:59:45","0","0",""
"0D5f400002tPtjtCAC","00Qf400000QZ5SKEA1","TrackedChange","005f4000003qkvcAAA","2020-09-10 09:03:51","0","2020-09-10 09:03:51","2020-09-10 09:03:52","0","0",""
"0D5f400002tPtkmCAC","00Qf400000QZ6KqEAL","TrackedChange","005f4000003qkvcAAA","2020-09-10 09:05:57","0","2020-09-10 09:05:57","2020-09-10 09:05:57","0","0",""
"0D5f400002tPtm4CAC","00Qf400000QZDHtEAP","TrackedChange","005f4000003qkvcAAA","2020-09-10 09:07:48","0","2020-09-10 09:07:48","2020-09-10 09:07:48","0","0",""
"0D5f400002tPtquCAC","00Qf400000QZQvhEAH","TrackedChange","005f4000003qkvcAAA","2020-09-10 09:16:17","0","2020-09-10 09:16:17","2020-09-10 09:16:18","0","0",""
"0D5f400002tPttKCAS","00Qf400000QZTFoEAP","TrackedChange","005f4000003qkvcAAA","2020-09-10 09:19:07","0","2020-09-10 09:19:07","2020-09-10 09:19:07","0","0",""
"0D5f400002tPtteCAC","001f400001SXLE8AAP","TrackedChange","005f4000003qkvcAAA","2020-09-10 09:19:25","0","2020-09-10 09:19:25","2020-09-10 09:19:27","0","0",""
"0D5f400002tPttfCAC","001f400001SXLE8AAP","TrackedChange","005f4000003qkvcAAA","2020-09-10 09:19:25","0","2020-09-10 09:19:25","2020-09-10 09:19:27","0","0",""
"0D5f400002tPttgCAC","003f400001XlC33AAF","TrackedChange","005f4000003qkvcAAA","2020-09-10 09:19:26","0","2020-09-10 09:19:26","2020-09-10 09:19:27","0","0",""
"0D5f400002tPtyPCAS","00Qf400000KZObjEAH","TrackedChange","005f4000003qkvcAAA","2020-09-10 09:25:56","0","2020-09-10 09:25:56","2020-09-10 09:25:56","0","0",""
"0D5f400002tPtyUCAS","001f400001SXM43AAH","TrackedChange","005f4000003qkvcAAA","2020-09-10 09:26:06","0","2020-09-10 09:26:06","2020-09-10 09:26:08","0","0",""
"0D5f400002tPtyVCAS","001f400001SXM43AAH","TrackedChange","005f4000003qkvcAAA","2020-09-10 09:26:06","0","2020-09-10 09:26:06","2020-09-10 09:26:08","0","0",""
"0D5f400002tPtyWCAS","003f400001XlCt4AAF","TrackedChange","005f4000003qkvcAAA","2020-09-10 09:26:06","0","2020-09-10 09:26:06","2020-09-10 09:26:08","0","0",""
"0D5f400002tPxtBCAS","00Qf400000QZexeEAD","TrackedChange","005f4000004IWOAAA4","2020-09-10 12:14:41","0","2020-09-10 12:14:41","2020-09-10 12:14:42","0","0",""
"0D5f400002tQIomCAG","00Qf400000QZkkAEAT","TrackedChange","005f4000004IWOAAA4","2020-09-10 18:31:43","0","2020-09-10 18:31:43","2020-09-10 18:31:43","0","0",""
"0D5f400002tQcTgCAK","00Qf400000QZmDSEA1","TrackedChange","005f4000004IWOAAA4","2020-09-11 01:46:51","0","2020-09-11 01:46:51","2020-09-11 01:46:51","0","0",""
"0D5f400002tQdAmCAK","00Qf400000QZmHDEA1","TrackedChange","005f4000004IWOAAA4","2020-09-11 02:20:22","0","2020-09-11 02:20:22","2020-09-11 02:20:22","0","0",""
"0D5f400002tQjneCAC","00Qf400000QZQvhEAH","TrackedChange","005f4000003qkvcAAA","2020-09-11 09:40:47","0","2020-09-11 09:40:47","2020-09-11 09:40:47","0","0",""
"0D5f400002tQjp2CAC","00Qf400000QZDHtEAP","TrackedChange","005f4000003qkvcAAA","2020-09-11 09:39:59","0","2020-09-11 09:39:59","2020-09-11 09:39:59","0","0",""
"0D5f400002tQjrfCAC","001f400001SYfDeAAL","TrackedChange","005f4000003qkvcAAA","2020-09-11 09:40:20","0","2020-09-11 09:40:20","2020-09-11 09:40:24","0","0",""
"0D5f400002tQjrgCAC","001f400001SYfDeAAL","TrackedChange","005f4000003qkvcAAA","2020-09-11 09:40:20","0","2020-09-11 09:40:20","2020-09-11 09:40:24","0","0",""
"0D5f400002tQjrhCAC","003f400001XmTl5AAF","TrackedChange","005f4000003qkvcAAA","2020-09-11 09:40:21","0","2020-09-11 09:40:21","2020-09-11 09:40:24","0","0",""
"0D5f400002tQju5CAC","001f400001SYfY6AAL","TrackedChange","005f4000003qkvcAAA","2020-09-11 09:41:18","0","2020-09-11 09:41:18","2020-09-11 09:41:19","0","0",""
"0D5f400002tQju6CAC","001f400001SYfY6AAL","TrackedChange","005f4000003qkvcAAA","2020-09-11 09:41:18","0","2020-09-11 09:41:18","2020-09-11 09:41:19","0","0",""
"0D5f400002tQju7CAC","003f400001XmU5tAAF","TrackedChange","005f4000003qkvcAAA","2020-09-11 09:41:18","0","2020-09-11 09:41:18","2020-09-11 09:41:19","0","0",""
"0D5f400002tRPRFCA4","00Qf400000QZ49zEAD","TrackedChange","005f4000003qkvcAAA","2020-09-12 00:26:12","0","2020-09-12 00:26:12","2020-09-12 00:26:12","0","0",""
"0D5f400002tRPRZCA4","001f400001SdjMNAAZ","TrackedChange","005f4000003qkvcAAA","2020-09-12 00:26:28","0","2020-09-12 00:26:28","2020-09-12 00:26:30","0","0",""
"0D5f400002tRPRaCAO","001f400001SdjMNAAZ","TrackedChange","005f4000003qkvcAAA","2020-09-12 00:26:28","0","2020-09-12 00:26:28","2020-09-12 00:26:30","0","0",""
"0D5f400002tRPRbCAO","003f400001XvjrfAAB","TrackedChange","005f4000003qkvcAAA","2020-09-12 00:26:28","0","2020-09-12 00:26:28","2020-09-12 00:26:30","0","0",""
"0D5f400002tRtUOCA0","00Qf400000QZs3EEAT","TrackedChange","005f4000004IWOAAA4","2020-09-13 23:10:08","0","2020-09-13 23:10:08","2020-09-13 23:10:08","0","0",""
"0D5f400002tRvFtCAK","00Qf400000QZsFFEA1","TrackedChange","005f4000004IWOAAA4","2020-09-14 02:43:37","0","2020-09-14 02:43:37","2020-09-14 02:43:37","0","0",""
"0D5f400002tSWLWCA4","00Qf400000Qa9jZEAR","TrackedChange","005f4000004IWOAAA4","2020-09-14 20:02:00","0","2020-09-14 20:02:00","2020-09-14 20:02:00","0","0",""
"0D5f400002tSbSCCA0","00Qf400000QaBIqEAN","TrackedChange","005f4000004IWOAAA4","2020-09-14 21:18:13","0","2020-09-14 21:18:13","2020-09-14 21:18:13","0","0",""
"0D5f400002udwcJCAQ","00Qf400000QaayaEAB","TrackedChange","005f4000004IWOAAA4","2020-09-17 03:13:33","0","2020-09-17 03:13:33","2020-09-17 03:13:33","0","0",""
"0D5f400002ue5v7CAA","00Qf400000PTL3CEAX","TrackedChange","005f4000003qkvcAAA","2020-09-17 11:21:02","0","2020-09-17 11:21:02","2020-09-17 11:21:02","0","0",""
"0D5f400002ue5vRCAQ","001f400001Su2LvAAJ","TrackedChange","005f4000003qkvcAAA","2020-09-17 11:21:26","0","2020-09-17 11:21:26","2020-09-17 11:21:28","0","0",""
"0D5f400002ue5vSCAQ","001f400001Su2LvAAJ","TrackedChange","005f4000003qkvcAAA","2020-09-17 11:21:26","0","2020-09-17 11:21:26","2020-09-17 11:21:28","0","0",""
"0D5f400002ue5vTCAQ","003f400001Y7ydhAAB","TrackedChange","005f4000003qkvcAAA","2020-09-17 11:21:26","0","2020-09-17 11:21:26","2020-09-17 11:21:28","0","0",""
"0D5f400002uejYwCAI","00Qf400000QahuyEAB","TrackedChange","005f4000004IWOAAA4","2020-09-17 23:14:05","0","2020-09-17 23:14:05","2020-09-17 23:14:05","0","0",""
"0D5f400002ufDXpCAM","00Qf400000Qajt3EAB","TrackedChange","005f4000004IWOAAA4","2020-09-18 17:21:11","0","2020-09-18 17:21:11","2020-09-18 17:21:11","0","0",""
"0D5f400002ufiZSCAY","00Qf400000QaqywEAB","TrackedChange","005f4000004IWOAAA4","2020-09-19 16:35:11","0","2020-09-19 16:35:11","2020-09-19 16:35:12","0","0",""
"0D5f400002ugYcmCAE","00Qf400000RRcaUEAT","TrackedChange","005f4000004IWOAAA4","2020-09-21 18:36:35","0","2020-09-21 18:36:35","2020-09-21 18:36:36","0","0",""
"0D5f400002ugq8WCAQ","00Qf400000RWIYpEAP","TrackedChange","005f4000004IWOAAA4","2020-09-21 23:45:49","0","2020-09-21 23:45:49","2020-09-21 23:45:49","0","0",""
"0D5f400002ugqQnCAI","00Qf400000RWIZOEA5","TrackedChange","005f4000004IWOAAA4","2020-09-21 23:53:20","0","2020-09-21 23:53:20","2020-09-21 23:53:21","0","0",""
"0D5f400002viQTACA2","00Qf400000Rm5itEAB","TrackedChange","005f4000004IWOAAA4","2020-09-22 20:26:10","0","2020-09-22 20:26:10","2020-09-22 20:26:11","0","0",""
"0D5f400002vjBktCAE","00Qf400000RmA3sEAF","TrackedChange","005f4000004IWOAAA4","2020-09-23 19:20:16","0","2020-09-23 19:20:16","2020-09-23 19:20:16","0","0",""
"0D5f400002vjIKXCA2","00Qf400000RmAMaEAN","TrackedChange","005f4000004IWOAAA4","2020-09-23 20:52:10","0","2020-09-23 20:52:10","2020-09-23 20:52:10","0","0",""
"0D5f400002vl2UuCAI","00Qf400000RmDDvEAN","TrackedChange","005f4000004IWOAAA4","2020-09-24 15:29:15","0","2020-09-24 15:29:15","2020-09-24 15:29:16","0","0",""
"0D5f400002vlBVeCAM","00Qf400000RufXwEAJ","TrackedChange","005f4000004IWOAAA4","2020-09-24 17:39:30","0","2020-09-24 17:39:30","2020-09-24 17:39:31","0","0",""
"0D5f400002vlLPyCAM","00Qf400000RuhDlEAJ","TrackedChange","005f4000004IWOAAA4","2020-09-24 20:27:07","0","2020-09-24 20:27:07","2020-09-24 20:27:07","0","0",""
"0D5f400002vlRzfCAE","00Qf400000Rul31EAB","TrackedChange","005f4000004IWOAAA4","2020-09-24 22:33:52","0","2020-09-24 22:33:52","2020-09-24 22:33:52","0","0",""
"0D5f400002wWbw9CAC","00Qf400000RuqENEAZ","TrackedChange","005f4000004IWOAAA4","2020-09-25 19:58:11","0","2020-09-25 19:58:11","2020-09-25 19:58:12","0","0",""
"0D5f400002wWvCNCA0","00Qf400000RurQfEAJ","TrackedChange","005f4000004IWOAAA4","2020-09-26 15:25:18","0","2020-09-26 15:25:18","2020-09-26 15:25:19","0","0",""
"0D5f400002wXJvaCAG","00Qf400000RutghEAB","TrackedChange","005f4000004IWOAAA4","2020-09-28 02:36:32","0","2020-09-28 02:36:32","2020-09-28 02:36:32","0","0",""
